{
    "parent": "item/handheld",
    "textures": {
        "layer0": "item/golden_sword"
    },
    "overrides": [
        { "predicate": {"custom_model_data": 1}, "model": "item/adventurer_sword"},
        { "predicate": {"custom_model_data": 2}, "model": "item/butcher_sword"},
        { "predicate": {"custom_model_data": 3}, "model": "item/crimson_sword"},
        { "predicate": {"custom_model_data": 4}, "model": "item/crystal_sword"},
        { "predicate": {"custom_model_data": 5}, "model": "item/dragon_sword"},
        { "predicate": {"custom_model_data": 6}, "model": "item/fire_sword"},
        { "predicate": {"custom_model_data": 7}, "model": "item/king_sword"},
        { "predicate": {"custom_model_data": 8}, "model": "item/moonstone_sword"},
        { "predicate": {"custom_model_data": 9}, "model": "item/poison_sword"},
        { "predicate": {"custom_model_data": 10}, "model": "item/reaver_sword"},
        { "predicate": {"custom_model_data": 11}, "model": "item/spike_sword"}
    ]
}