{
	"texture_size": [32, 32],
	"textures": {
		"1": "adventurer_swords_pack/king_sword"
	},
	"elements": [
		{
			"from": [6.5, 29, 7],
			"to": [9.5, 32, 9],
			"faces": {
				"north": {"uv": [9, 5, 10.5, 6.5], "texture": "#1"},
				"east": {"uv": [9, 9, 10, 10.5], "texture": "#1"},
				"south": {"uv": [6, 9, 7.5, 10.5], "texture": "#1"},
				"west": {"uv": [0, 12, 1, 13.5], "texture": "#1"},
				"up": {"uv": [2.5, 13, 1, 12], "texture": "#1"},
				"down": {"uv": [4, 12, 2.5, 13], "texture": "#1"}
			}
		},
		{
			"from": [7, 21, 7],
			"to": [9, 29, 9],
			"faces": {
				"north": {"uv": [6, 4, 7, 8], "texture": "#1"},
				"east": {"uv": [7, 4, 8, 8], "texture": "#1"},
				"south": {"uv": [8, 0, 9, 4], "texture": "#1"},
				"west": {"uv": [8, 4, 9, 8], "texture": "#1"},
				"up": {"uv": [2, 14, 1, 13], "texture": "#1"},
				"down": {"uv": [3, 13, 2, 14], "texture": "#1"}
			}
		},
		{
			"from": [4, 19, 7],
			"to": [12, 21, 9],
			"faces": {
				"north": {"uv": [6, 8, 10, 9], "texture": "#1"},
				"east": {"uv": [3, 13, 4, 14], "texture": "#1"},
				"south": {"uv": [9, 0, 13, 1], "texture": "#1"},
				"west": {"uv": [6, 11, 7, 12], "texture": "#1"},
				"up": {"uv": [13, 2, 9, 1], "texture": "#1"},
				"down": {"uv": [13, 2, 9, 3], "texture": "#1"}
			}
		},
		{
			"from": [2.42421, 20.02414, 7.01],
			"to": [4.40421, 22.00414, 8.99],
			"rotation": {"angle": 45, "axis": "z", "origin": [5.41421, 21.01414, 6.98]},
			"faces": {
				"north": {"uv": [7, 11, 8, 12], "texture": "#1"},
				"east": {"uv": [11, 7.5, 12, 8.5], "texture": "#1"},
				"south": {"uv": [11, 8.5, 12, 9.5], "texture": "#1"},
				"west": {"uv": [9.5, 11, 10.5, 12], "texture": "#1"},
				"up": {"uv": [12, 10.5, 11, 9.5], "texture": "#1"},
				"down": {"uv": [11.5, 11, 10.5, 12], "texture": "#1"}
			}
		},
		{
			"from": [11.30289, 19.31704, 7.01],
			"to": [13.28289, 21.29704, 8.99],
			"rotation": {"angle": -45, "axis": "z", "origin": [11.29289, 20.30704, 6.98]},
			"faces": {
				"north": {"uv": [0, 13.5, 1, 14.5], "texture": "#1"},
				"east": {"uv": [4, 13.5, 5, 14.5], "texture": "#1"},
				"south": {"uv": [5, 13.5, 6, 14.5], "texture": "#1"},
				"west": {"uv": [11.5, 10.5, 12.5, 11.5], "texture": "#1"},
				"up": {"uv": [12.5, 12.5, 11.5, 11.5], "texture": "#1"},
				"down": {"uv": [2, 14, 1, 15], "texture": "#1"}
			}
		},
		{
			"from": [6.5, 21, 6.5],
			"to": [9.5, 22, 9.5],
			"faces": {
				"north": {"uv": [12, 7.5, 13.5, 8], "texture": "#1"},
				"east": {"uv": [12, 8, 13.5, 8.5], "texture": "#1"},
				"south": {"uv": [12, 8.5, 13.5, 9], "texture": "#1"},
				"west": {"uv": [12, 9, 13.5, 9.5], "texture": "#1"},
				"up": {"uv": [10.5, 8, 9, 6.5], "texture": "#1"},
				"down": {"uv": [9, 9, 7.5, 10.5], "texture": "#1"}
			}
		},
		{
			"from": [7, 15, 7],
			"to": [9, 18, 9],
			"faces": {
				"north": {"uv": [4, 12, 5, 13.5], "texture": "#1"},
				"east": {"uv": [5, 12, 6, 13.5], "texture": "#1"},
				"south": {"uv": [10, 8, 11, 9.5], "texture": "#1"},
				"west": {"uv": [10, 9.5, 11, 11], "texture": "#1"},
				"up": {"uv": [3, 15, 2, 14], "texture": "#1"},
				"down": {"uv": [4, 14, 3, 15], "texture": "#1"}
			}
		},
		{
			"from": [5, 18, 7],
			"to": [11, 19, 9],
			"faces": {
				"north": {"uv": [10.5, 5, 13.5, 5.5], "texture": "#1"},
				"east": {"uv": [9.5, 12, 10.5, 12.5], "texture": "#1"},
				"south": {"uv": [10.5, 5.5, 13.5, 6], "texture": "#1"},
				"west": {"uv": [12, 9.5, 13, 10], "texture": "#1"},
				"up": {"uv": [12, 4, 9, 3], "texture": "#1"},
				"down": {"uv": [12, 4, 9, 5], "texture": "#1"}
			}
		},
		{
			"from": [10, 16, 7],
			"to": [11, 18, 9],
			"faces": {
				"north": {"uv": [8, 11, 8.5, 12], "texture": "#1"},
				"east": {"uv": [12, 3, 13, 4], "texture": "#1"},
				"south": {"uv": [8, 12, 8.5, 13], "texture": "#1"},
				"west": {"uv": [12, 4, 13, 5], "texture": "#1"},
				"up": {"uv": [11, 13, 10.5, 12], "texture": "#1"},
				"down": {"uv": [11.5, 12, 11, 13], "texture": "#1"}
			}
		},
		{
			"from": [5, 16, 7],
			"to": [6, 18, 9],
			"rotation": {"angle": 0, "axis": "y", "origin": [16, 0, 0]},
			"faces": {
				"north": {"uv": [0, 14.5, 0.5, 15.5], "texture": "#1"},
				"east": {"uv": [6, 12, 7, 13], "texture": "#1"},
				"south": {"uv": [0.5, 14.5, 1, 15.5], "texture": "#1"},
				"west": {"uv": [7, 12, 8, 13], "texture": "#1"},
				"up": {"uv": [4.5, 15.5, 4, 14.5], "texture": "#1"},
				"down": {"uv": [5, 14.5, 4.5, 15.5], "texture": "#1"}
			}
		},
		{
			"from": [5.5, -2, 7.5],
			"to": [10.5, 18, 8.5],
			"rotation": {"angle": 0, "axis": "y", "origin": [0, 2, 0]},
			"faces": {
				"north": {"uv": [3.5, 0, 6, 10], "texture": "#1"},
				"east": {"uv": [3, 0, 3.5, 10], "texture": "#1"},
				"south": {"uv": [0.5, 0, 3, 10], "texture": "#1"},
				"west": {"uv": [0, 0, 0.5, 10], "texture": "#1"},
				"up": {"uv": [8.5, 11, 6, 10.5], "texture": "#1"},
				"down": {"uv": [13, 6, 10.5, 6.5], "texture": "#1"}
			}
		},
		{
			"from": [7.999, -4.501, 7.499],
			"to": [11.536, -0.964, 8.501],
			"rotation": {"angle": 45, "axis": "z", "origin": [8, -4.5, 7.5]},
			"faces": {
				"north": {"uv": [4, 10, 6, 12], "texture": "#1"},
				"east": {"uv": [8.5, 10.5, 9, 12.5], "texture": "#1"},
				"south": {"uv": [0.5, 10, 2.5, 12], "texture": "#1"},
				"west": {"uv": [0, 10, 0.5, 12], "texture": "#1"},
				"up": {"uv": [12.5, 7, 10.5, 6.5], "texture": "#1"},
				"down": {"uv": [4, 11.5, 2, 12], "texture": "#1"}
			}
		},
		{
			"from": [8.01, -4.49, 7.51],
			"to": [11.525, -0.975, 8.49],
			"rotation": {"angle": 45, "axis": "z", "origin": [8, -4.5, 7.5]},
			"faces": {
				"north": {"uv": [4, 10, 6, 12], "texture": "#1"},
				"east": {"uv": [8.5, 10.5, 9, 12.5], "texture": "#1"},
				"south": {"uv": [0.5, 10, 2.5, 12], "texture": "#1"},
				"west": {"uv": [9, 10.5, 9.5, 12.5], "texture": "#1"},
				"up": {"uv": [12.5, 7, 10.5, 6.5], "texture": "#1"},
				"down": {"uv": [4, 11.5, 2, 12], "texture": "#1"}
			}
		}
	],
	"gui_light": "front",
	"display": {
		"thirdperson_righthand": {
			"rotation": [170, 90, 0],
			"translation": [0, 8, -0.25],
			"scale": [0.6, 0.6, 0.6]
		},
		"thirdperson_lefthand": {
			"rotation": [170, -90, 0],
			"translation": [0, 8, -0.25],
			"scale": [0.6, 0.6, 0.6]
		},
		"firstperson_righthand": {
			"rotation": [-160, 90, 0],
			"translation": [2, 4, 0.75],
			"scale": [0.6, 0.6, 0.6]
		},
		"firstperson_lefthand": {
			"rotation": [-160, -90, 0],
			"translation": [2, 4, 0.75],
			"scale": [0.6, 0.6, 0.6]
		},
		"ground": {
			"rotation": [0, 0, 135],
			"translation": [2.5, 7, 0],
			"scale": [0.5, 0.5, 0.5]
		},
		"gui": {
			"rotation": [-180, 0, 45],
			"translation": [2, 2, 0],
			"scale": [0.5, 0.5, 0.5]
		},
		"head": {
			"translation": [0.25, 8.5, 0.75],
			"scale": [0.6, 0.6, 0.6]
		},
		"fixed": {
			"rotation": [0, 0, -135],
			"translation": [-3, 3, -0.75],
			"scale": [0.6, 0.6, 0.6]
		}
	},
	"groups": [
		{
			"name": "sword",
			"origin": [8, 8, 8],
			"color": 0,
			"children": [
				{
					"name": "pommel",
					"origin": [8, 8, 8],
					"color": 0,
					"children": [0]
				},
				{
					"name": "grip",
					"origin": [8, 8, 8],
					"color": 0,
					"children": [1]
				},
				{
					"name": "guard",
					"origin": [8, 8, 8],
					"color": 0,
					"children": [
						{
							"name": "cross-guard",
							"origin": [8, 8, 8],
							"color": 0,
							"children": [2, 3, 4, 5]
						},
						{
							"name": "rain-guard",
							"origin": [8, 8, 8],
							"color": 0,
							"children": [6, 7, 8, 9]
						}
					]
				},
				{
					"name": "blade",
					"origin": [8, 8, 8],
					"color": 0,
					"children": [10, 11, 12]
				}
			]
		}
	]
}