{
	"texture_size": [32, 32],
	"textures": {
		"1": "adventurer_swords_pack/spike_sword"
	},
	"elements": [
		{
			"name": "pommel",
			"from": [6.5, 29, 7],
			"to": [9.5, 32, 9],
			"rotation": {"angle": 45, "axis": "z", "origin": [8, 30.5, 7.5]},
			"faces": {
				"north": {"uv": [0, 12, 1.5, 13.5], "texture": "#1"},
				"east": {"uv": [4.5, 10, 5.5, 11.5], "texture": "#1"},
				"south": {"uv": [10, 0, 11.5, 1.5], "texture": "#1"},
				"west": {"uv": [10, 4.5, 11, 6], "texture": "#1"},
				"up": {"uv": [7, 11, 5.5, 10], "texture": "#1"},
				"down": {"uv": [11.5, 6, 10, 7], "texture": "#1"}
			}
		},
		{
			"name": "grip",
			"from": [7.005, 21.505, 7.005],
			"to": [8.995, 29.495, 8.995],
			"rotation": {"angle": 0, "axis": "y", "origin": [8, 25.5, 8]},
			"faces": {
				"north": {"uv": [4, 0, 5, 4], "texture": "#1"},
				"east": {"uv": [4, 4, 5, 8], "texture": "#1"},
				"south": {"uv": [5, 0, 6, 4], "texture": "#1"},
				"west": {"uv": [5, 4, 6, 8], "texture": "#1"},
				"up": {"uv": [10.5, 11, 9.5, 10], "texture": "#1"},
				"down": {"uv": [8, 10.5, 7, 11.5], "texture": "#1"}
			}
		},
		{
			"name": "cross-guard",
			"from": [5.5, 20.5, 7],
			"to": [10.5, 21.5, 9],
			"rotation": {"angle": 0, "axis": "y", "origin": [8.5, 22.5, 8]},
			"faces": {
				"north": {"uv": [7, 10, 9.5, 10.5], "texture": "#1"},
				"east": {"uv": [9.5, 11, 10.5, 11.5], "texture": "#1"},
				"south": {"uv": [10, 7, 12.5, 7.5], "texture": "#1"},
				"west": {"uv": [11.5, 0, 12.5, 0.5], "texture": "#1"},
				"up": {"uv": [10.5, 9, 8, 8], "texture": "#1"},
				"down": {"uv": [10.5, 9, 8, 10], "texture": "#1"}
			}
		},
		{
			"from": [3.505, 20.505, 7.005],
			"to": [5.495, 21.495, 8.995],
			"rotation": {"angle": 22.5, "axis": "z", "origin": [5.5, 21.5, 7]},
			"faces": {
				"north": {"uv": [11.5, 0.5, 12.5, 1], "texture": "#1"},
				"east": {"uv": [11.5, 1, 12.5, 1.5], "texture": "#1"},
				"south": {"uv": [4.5, 11.5, 5.5, 12], "texture": "#1"},
				"west": {"uv": [11.5, 6, 12.5, 6.5], "texture": "#1"},
				"up": {"uv": [11.5, 8.5, 10.5, 7.5], "texture": "#1"},
				"down": {"uv": [9, 10.5, 8, 11.5], "texture": "#1"}
			}
		},
		{
			"from": [1.65224, 21.26537, 7.5],
			"to": [3.65224, 22.26537, 8.5],
			"rotation": {"angle": 45, "axis": "z", "origin": [5.5, 21.5, 7]},
			"faces": {
				"north": {"uv": [6.5, 11.5, 7.5, 12], "texture": "#1"},
				"east": {"uv": [10, 7.5, 10.5, 8], "texture": "#1"},
				"south": {"uv": [11.5, 6.5, 12.5, 7], "texture": "#1"},
				"west": {"uv": [6.5, 11, 7, 11.5], "texture": "#1"},
				"up": {"uv": [8.5, 12, 7.5, 11.5], "texture": "#1"},
				"down": {"uv": [12.5, 7.5, 11.5, 8], "texture": "#1"}
			}
		},
		{
			"from": [10.505, 20.505, 7.005],
			"to": [12.495, 21.495, 8.995],
			"rotation": {"angle": -22.5, "axis": "z", "origin": [10.5, 21.5, 7]},
			"faces": {
				"north": {"uv": [11.5, 8, 12.5, 8.5], "texture": "#1"},
				"east": {"uv": [11.5, 8.5, 12.5, 9], "texture": "#1"},
				"south": {"uv": [11.5, 9, 12.5, 9.5], "texture": "#1"},
				"west": {"uv": [9.5, 11.5, 10.5, 12], "texture": "#1"},
				"up": {"uv": [11.5, 9.5, 10.5, 8.5], "texture": "#1"},
				"down": {"uv": [11.5, 9.5, 10.5, 10.5], "texture": "#1"}
			}
		},
		{
			"from": [12.34776, 21.26537, 7.5],
			"to": [14.34776, 22.26537, 8.5],
			"rotation": {"angle": -45, "axis": "z", "origin": [10.5, 21.5, 7]},
			"faces": {
				"north": {"uv": [11.5, 9.5, 12.5, 10], "texture": "#1"},
				"east": {"uv": [8.5, 11.5, 9, 12], "texture": "#1"},
				"south": {"uv": [11.5, 10, 12.5, 10.5], "texture": "#1"},
				"west": {"uv": [1, 14, 1.5, 14.5], "texture": "#1"},
				"up": {"uv": [12, 12, 11, 11.5], "texture": "#1"},
				"down": {"uv": [1, 14, 0, 14.5], "texture": "#1"}
			}
		},
		{
			"name": "rain-guard",
			"from": [6.01, 18.51, 7.01],
			"to": [9.99, 22.49, 8.99],
			"rotation": {"angle": 45, "axis": "z", "origin": [8, 20.5, 7]},
			"faces": {
				"north": {"uv": [6, 0, 8, 2], "texture": "#1"},
				"east": {"uv": [1.5, 12, 2.5, 14], "texture": "#1"},
				"south": {"uv": [6, 2, 8, 4], "texture": "#1"},
				"west": {"uv": [10, 1.5, 11, 3.5], "texture": "#1"},
				"up": {"uv": [4.5, 13, 2.5, 12], "texture": "#1"},
				"down": {"uv": [12, 3.5, 10, 4.5], "texture": "#1"}
			}
		},
		{
			"from": [6.5, -0.5, 7.5],
			"to": [9.5, 19.5, 8.5],
			"rotation": {"angle": 0, "axis": "y", "origin": [6.5, -0.5, 7.5]},
			"faces": {
				"north": {"uv": [2.5, 0, 4, 10], "texture": "#1"},
				"east": {"uv": [2, 0, 2.5, 10], "texture": "#1"},
				"south": {"uv": [0.5, 0, 2, 10], "texture": "#1"},
				"west": {"uv": [0, 0, 0.5, 10], "texture": "#1"},
				"up": {"uv": [12.5, 11.5, 11, 11], "texture": "#1"},
				"down": {"uv": [1.5, 11.5, 0, 12], "texture": "#1"}
			}
		},
		{
			"from": [5.999, -2.501, 7.499],
			"to": [10.001, 1.501, 8.501],
			"rotation": {"angle": -45, "axis": "z", "origin": [8, -0.5, 7.5]},
			"faces": {
				"north": {"uv": [4, 10, 2, 12], "texture": "#1"},
				"east": {"uv": [11, 10.5, 10.5, 12.5], "texture": "#1"},
				"south": {"uv": [2, 10, 0, 12], "texture": "#1"},
				"west": {"uv": [0.5, 8, 0, 10], "texture": "#1"},
				"up": {"uv": [1.5, 10.5, 3.5, 10], "texture": "#1"},
				"down": {"uv": [11, 2, 13, 2.5], "texture": "#1"}
			}
		},
		{
			"from": [6.005, 2.505, 7.505],
			"to": [9.995, 6.495, 8.495],
			"rotation": {"angle": -45, "axis": "z", "origin": [8, 4.5, 7.5]},
			"faces": {
				"north": {"uv": [10, 0, 8, 2], "texture": "#1"},
				"east": {"uv": [3.5, 13, 3, 15], "texture": "#1"},
				"south": {"uv": [10, 2, 8, 4], "texture": "#1"},
				"west": {"uv": [3, 13, 2.5, 15], "texture": "#1"},
				"up": {"uv": [11, 3, 13, 2.5], "texture": "#1"},
				"down": {"uv": [11, 3, 13, 3.5], "texture": "#1"}
			}
		},
		{
			"from": [6.005, 7.505, 7.505],
			"to": [9.995, 11.495, 8.495],
			"rotation": {"angle": -45, "axis": "z", "origin": [8, 9.5, 7.5]},
			"faces": {
				"north": {"uv": [6, 8, 4, 10], "texture": "#1"},
				"east": {"uv": [4.5, 13, 4, 15], "texture": "#1"},
				"south": {"uv": [10, 4, 8, 6], "texture": "#1"},
				"west": {"uv": [4, 13, 3.5, 15], "texture": "#1"},
				"up": {"uv": [11, 5, 13, 4.5], "texture": "#1"},
				"down": {"uv": [11, 5, 13, 5.5], "texture": "#1"}
			}
		},
		{
			"from": [6.005, 12.505, 7.505],
			"to": [9.995, 16.495, 8.495],
			"rotation": {"angle": -45, "axis": "z", "origin": [8, 14.5, 7.5]},
			"faces": {
				"north": {"uv": [8, 8, 6, 10], "texture": "#1"},
				"east": {"uv": [6.5, 11, 6, 13], "texture": "#1"},
				"south": {"uv": [10, 6, 8, 8], "texture": "#1"},
				"west": {"uv": [6, 11, 5.5, 13], "texture": "#1"},
				"up": {"uv": [11, 6, 13, 5.5], "texture": "#1"},
				"down": {"uv": [11, 10.5, 13, 11], "texture": "#1"}
			}
		}
	],
	"gui_light": "front",
	"display": {
		"thirdperson_righthand": {
			"rotation": [170, 90, 0],
			"translation": [0, 8, -0.25],
			"scale": [0.6, 0.6, 0.6]
		},
		"thirdperson_lefthand": {
			"rotation": [170, -90, 0],
			"translation": [0, 8, -0.25],
			"scale": [0.6, 0.6, 0.6]
		},
		"firstperson_righthand": {
			"rotation": [-160, 90, 0],
			"translation": [2, 4, 0.75],
			"scale": [0.6, 0.6, 0.6]
		},
		"firstperson_lefthand": {
			"rotation": [-160, -90, 0],
			"translation": [2, 4, 0.75],
			"scale": [0.6, 0.6, 0.6]
		},
		"ground": {
			"rotation": [0, 0, 135],
			"translation": [2.5, 7, 0],
			"scale": [0.5, 0.5, 0.5]
		},
		"gui": {
			"rotation": [-180, 0, 45],
			"translation": [2, 2, 0],
			"scale": [0.5, 0.5, 0.5]
		},
		"head": {
			"translation": [0.25, 8.5, 0.75],
			"scale": [0.6, 0.6, 0.6]
		},
		"fixed": {
			"rotation": [0, 0, -135],
			"translation": [-3, 3, -0.75],
			"scale": [0.6, 0.6, 0.6]
		}
	},
	"groups": [
		{
			"name": "sword",
			"origin": [8, 8, 8],
			"color": 0,
			"children": [
				{
					"name": "pommel",
					"origin": [8, 8, 8],
					"color": 0,
					"children": [0]
				},
				{
					"name": "grip",
					"origin": [8, 8, 8],
					"color": 0,
					"children": [1]
				},
				{
					"name": "cross-guard",
					"origin": [8, 8, 8],
					"color": 0,
					"children": [2,
						{
							"name": "left-cg-1",
							"origin": [8, 8, 8],
							"color": 0,
							"children": [3,
								{
									"name": "left-cg-2",
									"origin": [8, 8, 8],
									"color": 0,
									"children": [4]
								}
							]
						},
						{
							"name": "right-cg-1",
							"origin": [8, 8, 8],
							"color": 0,
							"children": [5,
								{
									"name": "right-cg-2",
									"origin": [8, 8, 8],
									"color": 0,
									"children": [6]
								}
							]
						}
					]
				},
				{
					"name": "rain-guard",
					"origin": [8, 8, 8],
					"color": 0,
					"children": [7]
				},
				{
					"name": "blade",
					"origin": [8, 8, 8],
					"color": 0,
					"children": [8,
						{
							"name": "spike_head",
							"origin": [8, 8, 8],
							"color": 0,
							"children": [9]
						},
						{
							"name": "spike_1",
							"origin": [8, 8, 8],
							"color": 0,
							"children": [10]
						},
						{
							"name": "spike_2",
							"origin": [8, 8, 8],
							"color": 0,
							"children": [11]
						},
						{
							"name": "spike_3",
							"origin": [8, 8, 8],
							"color": 0,
							"children": [12]
						}
					]
				}
			]
		}
	]
}